{
    "total_pixel_count": 129761280,
    "pixel_counts": {
        "#000000": 6603397,
        "#27b341": 86177392,
        "#adadad": 4325375,
        "#ffcf4a": 3103279,
        "#d9d9d9": 2311893,
        "#fa3e77": 11925186,
        "#fa9441": 6554878,
        "#a8e854": 4801089,
        "#fc7ebb": 1797567,
        "#e657c4": 1462539,
        "#ffc17a": 698685
    },
    "color_percentages": {
        "#000000": 0.05088880904997238,
        "#27b341": 0.6641225487294823,
        "#adadad": 0.03333332562687421,
        "#ffcf4a": 0.023915292759134312,
        "#d9d9d9": 0.01781650890003551,
        "#fa3e77": 0.09190095843690814,
        "#fa9441": 0.050514899359809025,
        "#a8e854": 0.03699939612186316,
        "#fc7ebb": 0.013852876605409565,
        "#e657c4": 0.011270997018525094,
        "#ffc17a": 0.005384387391986269
    },
    "labels_statistics": {
        "0": {
            "pixel_count": 6603397,
            "color_percentage": 0.05088880904997238
        },
        "1": {
            "pixel_count": 86177392,
            "color_percentage": 0.6641225487294823
        },
        "2": {
            "pixel_count": 1462539,
            "color_percentage": 0.011270997018525094
        },
        "3": {
            "pixel_count": 1797567,
            "color_percentage": 0.013852876605409565
        },
        "4": {
            "pixel_count": 3103279,
            "color_percentage": 0.023915292759134312
        },
        "5": {
            "pixel_count": 11925186,
            "color_percentage": 0.09190095843690814
        },
        "6": {
            "pixel_count": 6554878,
            "color_percentage": 0.050514899359809025
        },
        "7": {
            "pixel_count": 4325375,
            "color_percentage": 0.03333332562687421
        },
        "9": {
            "pixel_count": 698685,
            "color_percentage": 0.005384387391986269
        },
        "12": {
            "pixel_count": 4801089,
            "color_percentage": 0.03699939612186316
        },
        "13": {
            "pixel_count": 2311893,
            "color_percentage": 0.01781650890003551
        }
    }
}