{
    "Dataset A": 0.04061999999999999,
    "Dataset B": 0.31283000000000005,
    "Dataset C": 0.27693999999999996,
    "AL1e-04W1e-07B1E10": 0.005689999999999973,
    "AL1e-04W1e-07B1E15": 0.00501000000000007,
    "AL1e-04W1e-07B1E5": 0.07901999999999998,
    "AL1e-04W1e-08B1E10": 0.05364000000000002,
    "AL1e-04W1e-08B1E15": 0.006750000000000034,
    "AL1e-04W1e-08B1E5": 0.005689999999999973,
    "AL1e-04W1e-09B1E10": 0.15304000000000006,
    "AL1e-04W1e-09B1E15": 0.13370000000000004,
    "AL1e-04W1e-09B1E5": 0.0010300000000000864,
    "AL1e-05W1e-07B1E10": 0.0009799999999999809,
    "AL1e-05W1e-07B1E15": 0.0042999999999999705,
    "AL1e-05W1e-07B1E5": 0.0017500000000000293,
    "AL1e-05W1e-07B2E10": 0.0022299999999999542,
    "AL1e-05W1e-07B2E15": 0.0046800000000000175,
    "AL1e-05W1e-07B4E10": 0.03387000000000007,
    "AL1e-05W1e-07B4E15": 0.006460000000000021,
    "AL1e-05W1e-08B1E10": 0.02253000000000005,
    "AL1e-05W1e-08B1E15": 0.0044399999999999995,
    "AL1e-05W1e-08B1E5": 0.02212000000000003,
    "AL1e-05W1e-08B2E10": 0.015560000000000018,
    "AL1e-05W1e-08B2E15": 0.03491,
    "AL1e-05W1e-08B4E10": 0.09400999999999993,
    "AL1e-05W1e-08B4E15": 0.026780000000000026,
    "AL1e-05W1e-09B1E10": 0.00275000000000003,
    "AL1e-05W1e-09B1E15": 0.0023299999999999432,
    "AL1e-05W1e-09B1E5": 0.0038999999999999035,
    "AL1e-05W1e-09B2E10": 0.0024000000000000687,
    "AL1e-05W1e-09B2E15": 0.006200000000000094,
    "AL1e-05W1e-09B4E10": 0.0043000000000000815,
    "AL1e-05W1e-09B4E15": 0.0043199999999999905,
    "AL1e-06W1e-07B1E10": 0.005299999999999971,
    "AL1e-06W1e-07B1E15": 0.0015100000000000113,
    "AL1e-06W1e-07B1E5": 0.0031799999999999606,
    "AL1e-06W1e-07B2E10": 0.004610000000000003,
    "AL1e-06W1e-07B2E15": 0.00535999999999992,
    "AL1e-06W1e-07B4E10": 0.14472000000000007,
    "AL1e-06W1e-07B4E15": 0.04366999999999999,
    "AL1e-06W1e-08B1E10": 0.002970000000000028,
    "AL1e-06W1e-08B1E15": 0.016979999999999995,
    "AL1e-06W1e-08B1E5": 0.0022099999999999342,
    "AL1e-06W1e-08B2E10": 0.00031999999999998696,
    "AL1e-06W1e-08B2E15": 0.0034799999999999276,
    "AL1e-06W1e-08B4E10": 0.08321999999999996,
    "AL1e-06W1e-08B4E15": 0.005610000000000004,
    "AL1e-06W1e-09B1E10": 0.005029999999999979,
    "AL1e-06W1e-09B1E15": 0.01586999999999994,
    "AL1e-06W1e-09B1E5": 0.0017599999999999838,
    "AL1e-06W1e-09B2E10": 0.0024399999999999977,
    "AL1e-06W1e-09B2E15": 0.024249999999999994,
    "AL1e-06W1e-09B4E10": 0.0043600000000000305,
    "AL1e-06W1e-09B4E15": 0.008560000000000012,
    "AL1e-07W1e-07B1E10": -0.0010799999999999699,
    "AL1e-07W1e-07B1E15": 0.06193000000000004,
    "AL1e-07W1e-07B2E10": 0.030410000000000048,
    "AL1e-07W1e-07B2E15": 0.013319999999999999,
    "AL1e-07W1e-07B4E10": 0.11678999999999995,
    "AL1e-07W1e-07B4E15": 0.26783,
    "AL1e-07W1e-08B1E10": 0.040790000000000104,
    "AL1e-07W1e-08B1E15": 0.0018299999999999983,
    "AL1e-07W1e-08B1E5": 0.043339999999999934,
    "AL1e-07W1e-08B2E10": 0.035129999999999995,
    "AL1e-07W1e-08B2E15": 0.027469999999999994,
    "AL1e-07W1e-08B4E10": 0.36593,
    "AL1e-07W1e-08B4E15": 0.11873999999999996,
    "AL1e-07W1e-09B1E10": 0.0035199999999999676,
    "AL1e-07W1e-09B1E15": 0.03071999999999997,
    "AL1e-07W1e-09B1E5": 0.06298000000000004,
    "AL1e-07W1e-09B2E10": 0.06413999999999997,
    "AL1e-07W1e-09B2E15": 0.013599999999999945,
    "AL1e-07W1e-09B4E10": 0.17476000000000003,
    "AL1e-07W1e-09B4E15": 0.37225,
    "AOriginal": -0.007809999999999984,
    "AOriginal_LR1e-07_e10_B1": -0.0022199999999999998,
    "AOriginal_LR1e-07_e10_B2": 0.02866000000000002,
    "AOriginal_LR1e-07_e15_B1": 0.01827000000000001,
    "AOriginal_LR1e-07_e15_B2": 0.03987000000000007,
    "ASAL1e-06W1e-07B1E10": 0.0046800000000000175,
    "ASAL1e-06W1e-07B1E15": 0.007220000000000004,
    "ASAL1e-06W1e-07B2E10": 0.0038399999999999546,
    "ASAL1e-06W1e-07B2E15": 0.0044800000000000395,
    "ASAL1e-06W1e-07B4E10": 0.005750000000000033,
    "ASAL1e-06W1e-07B4E15": 0.031629999999999936,
    "ASAL1e-06W1e-08B1E10": 0.0035399999999999876,
    "ASAL1e-06W1e-08B1E15": -9.00000000000345e-05,
    "ASAL1e-06W1e-08B2E10": 0.0016700000000000603,
    "ASAL1e-06W1e-08B2E15": 0.010989999999999944,
    "ASAL1e-06W1e-08B4E10": -0.0014600000000000168,
    "ASAL1e-06W1e-08B4E15": 0.006619999999999959,
    "ASAL1e-06W1e-09B1E10": 0.0033199999999999896,
    "ASAL1e-06W1e-09B1E15": 0.002970000000000028,
    "ASAL1e-06W1e-09B2E10": 0.0019199999999999218,
    "ASAL1e-06W1e-09B2E15": -0.003310000000000035,
    "ASAL1e-06W1e-09B4E10": 0.11709999999999998,
    "ASAL1e-06W1e-09B4E15": 0.13800999999999997,
    "ASAL1e-07W1e-07B1E10": 0.004790000000000072,
    "ASAL1e-07W1e-07B1E15": 6.999999999990347e-05,
    "ASAL1e-07W1e-07B2E10": 0.07778999999999991,
    "ASAL1e-07W1e-07B2E15": 0.0040200000000000236,
    "ASAL1e-07W1e-07B4E10": 0.35139,
    "ASAL1e-07W1e-07B4E15": 0.15440999999999994,
    "ASAL1e-07W1e-08B1E10": 0.00374999999999992,
    "ASAL1e-07W1e-08B1E15": 0.052039999999999975,
    "ASAL1e-07W1e-08B2E10": -0.0017500000000000293,
    "ASAL1e-07W1e-08B2E15": 0.01466999999999996,
    "ASAL1e-07W1e-08B4E10": 0.36302,
    "ASAL1e-07W1e-08B4E15": 0.33118,
    "ASAL1e-07W1e-09B1E10": -0.0024199999999999777,
    "ASAL1e-07W1e-09B1E15": 0.023830000000000018,
    "ASAL1e-07W1e-09B2E10": 0.29512999999999995,
    "ASAL1e-07W1e-09B2E15": 0.005390000000000006,
    "ASAL1e-07W1e-09B4E10": 0.28669999999999995,
    "ASAL1e-07W1e-09B4E15": 0.1816399999999999,
    "ASAOriginal": 0.0007200000000000539,
    "ASAROriginal_LR1e-07_e10_B1": 0.021549999999999958,
    "ASAROriginal_LR1e-07_e10_B2": 0.04455999999999993,
    "ASAROriginal_LR1e-07_e15_B1": -0.004589999999999983,
    "ASAROriginal_LR1e-07_e15_B2": 0.005510000000000015,
    "ASARWeight_LR1e-07_e10_B1": 0.11823000000000006,
    "ASARWeight_LR1e-07_e10_B2": 0.23292000000000007,
    "ASARWeight_LR1e-07_e15_B1": 0.11069000000000007,
    "ASARWeight_LR1e-07_e15_B2": 0.17319000000000007,
    "ASAWeight": 0.10550000000000004,
    "AWeight": 0.03748999999999991,
    "AWeight_LR1e-07_e10_B1": 0.06569999999999998,
    "AWeight_LR1e-07_e15_B1": 0.11173,
    "AWeight_LR1e-07_e15_B2": 0.26581,
    "B Original Weighted": 0.2952,
    "BL1e-05W1e-07B1E10": 0.14993,
    "BL1e-05W1e-07B1E15": 0.21325000000000005,
    "BL1e-05W1e-07B2E10": 0.21865,
    "BL1e-05W1e-07B2E15": 0.24646999999999997,
    "BL1e-05W1e-08B1E10": 0.18786999999999998,
    "BL1e-05W1e-08B1E15": 0.11607999999999996,
    "BL1e-05W1e-08B2E10": 0.20859000000000005,
    "BL1e-05W1e-08B2E15": 0.21464000000000005,
    "BL1e-05W1e-08B4E10": 0.22926000000000002,
    "BL1e-05W1e-09B1E10": 0.18259999999999998,
    "BL1e-05W1e-09B1E15": 0.21739999999999993,
    "BL1e-05W1e-09B2E10": 0.20055999999999996,
    "BL1e-05W1e-09B2E15": 0.23463,
    "BL1e-05W1e-09B4E10": 0.22123000000000004,
    "BL1e-06W1e-07B1E10": 0.09775,
    "BL1e-06W1e-07B1E15": 0.16888000000000003,
    "BL1e-06W1e-07B2E10": 0.14383,
    "BL1e-06W1e-07B2E15": 0.14553000000000005,
    "BL1e-06W1e-07B4E10": 0.15159,
    "BL1e-06W1e-07B4E15": 0.1263399999999999,
    "BL1e-06W1e-08B1E10": 0.15465000000000007,
    "BL1e-06W1e-08B1E15": 0.08628000000000002,
    "BL1e-06W1e-08B2E10": 0.11658000000000002,
    "BL1e-06W1e-08B2E15": 0.13485000000000003,
    "BL1e-06W1e-08B4E10": 0.14290000000000003,
    "BL1e-06W1e-08B4E15": 0.12139999999999995,
    "BL1e-06W1e-09B1E10": 0.09849999999999992,
    "BL1e-06W1e-09B1E15": 0.09811000000000003,
    "BL1e-06W1e-09B2E10": 0.15318999999999994,
    "BL1e-06W1e-09B2E15": 0.15896,
    "BL1e-06W1e-09B4E10": 0.13744,
    "BL1e-06W1e-09B4E15": 0.10458,
    "BL1e-07W1e-07B1E10": 0.10770000000000002,
    "BL1e-07W1e-07B1E15": 0.08096000000000003,
    "BL1e-07W1e-07B2E10": 0.11568999999999996,
    "BL1e-07W1e-07B2E15": 0.13479000000000008,
    "BL1e-07W1e-07B2E5": 0.06169000000000002,
    "BL1e-07W1e-07B4E10": 0.11795999999999995,
    "BL1e-07W1e-07B4E15": 0.1346799999999999,
    "BL1e-07W1e-08B1E10": 0.11356,